[{"model": "products.category", "pk": 6, "fields": {"name": "ring", "friendly_name": "Ring"}}, {"model": "products.category", "pk": 7, "fields": {"name": "pendant", "friendly_name": "Pendant"}}, {"model": "products.category", "pk": 8, "fields": {"name": "earrings", "friendly_name": "Earrings"}}, {"model": "products.category", "pk": 9, "fields": {"name": "brooch", "friendly_name": "brooch"}}, {"model": "products.category", "pk": 10, "fields": {"name": "earrings (set)", "friendly_name": "earrings - part of set"}}, {"model": "products.category", "pk": 11, "fields": {"name": "pendant (set)", "friendly_name": "Pendant - part of set"}}, {"model": "products.category", "pk": 12, "fields": {"name": "bangle", "friendly_name": "Bangle"}}, {"model": "products.category", "pk": 13, "fields": {"name": "zz_del", "friendly_name": "Personalisation"}}, {"model": "products.category", "pk": 14, "fields": {"name": "zz_serv", "friendly_name": "Service"}}, {"model": "products.category", "pk": 15, "fields": {"name": "watch (gents)", "friendly_name": "Watch (gents)"}}, {"model": "products.category", "pk": 16, "fields": {"name": "watch (ladies)", "friendly_name": "Watch (ladies)"}}, {"model": "products.product", "pk": 1, "fields": {"category": 6, "sku": "101", "name": "Heavy Sterling Silver Mans Celtic ring", "hide_display": false, "price": "99.00", "cat6_value": 2, "item_lead_time": 0, "promotion": null, "image": "101.jpg", "image_url": null, "description": "Heavy Sterling Silver Mans Celtic ring", "rating": "4.00", "created_on": "2024-01-31T11:47:34.640Z"}}, {"model": "products.product", "pk": 2, "fields": {"category": 6, "sku": "102", "name": "Double hearts and cubic zirconia dress ring in nine carat gold", "hide_display": false, "price": "170.00", "cat6_value": 2, "item_lead_time": 0, "promotion": null, "image": "102-1.jpg", "image_url": null, "description": "Double hearts and cubic zirconia dress ring in nine carat gold", "rating": null, "created_on": "2024-01-31T11:47:34.640Z"}}, {"model": "products.product", "pk": 3, "fields": {"category": 6, "sku": "103", "name": "Vintage style Peridot and diamond dress ring in white gold", "hide_display": false, "price": "800.00", "cat6_value": 2, "item_lead_time": 0, "promotion": null, "image": "103-1_Ii3SE2n.jpg", "image_url": null, "description": "Vintage style Peridot and diamond dress ring in white gold", "rating": "5.00", "created_on": "2024-01-31T11:47:34.640Z"}}, {"model": "products.product", "pk": 4, "fields": {"category": 6, "sku": "104", "name": "A lovely colour stone, Tanzanite and diamond set in white gold", "hide_display": false, "price": "673.00", "cat6_value": 2, "item_lead_time": 0, "promotion": null, "image": "104-1.jpg", "image_url": null, "description": "A lovely colour stone, Tanzanite and diamond set in white gold", "rating": null, "created_on": "2024-01-31T11:47:34.640Z"}}, {"model": "products.product", "pk": 5, "fields": {"category": 13, "sku": "9901", "name": "Engraving service", "hide_display": true, "price": "15.00", "cat6_value": 5, "item_lead_time": 0, "promotion": null, "image": "Goldmark-shopfront_QIhk5wx.png", "image_url": null, "description": "Personalisation:  Engrave an item with a name", "rating": null, "created_on": "2024-01-31T11:47:34.640Z"}}, {"model": "products.product", "pk": 6, "fields": {"category": 6, "sku": "105", "name": "Simple traditional Ladies Claddagh ring in nine carat gold", "hide_display": false, "price": "165.00", "cat6_value": 2, "item_lead_time": 0, "promotion": null, "image": "105-1.jpg", "image_url": null, "description": "Simple traditional Ladies Claddagh ring in nine carat gold", "rating": null, "created_on": "2024-01-31T11:47:34.640Z"}}, {"model": "products.product", "pk": 7, "fields": {"category": 13, "sku": "9902", "name": "Gift wrapping service", "hide_display": true, "price": "1.00", "cat6_value": 5, "item_lead_time": 0, "promotion": null, "image": "giftwrap_resized.jpg", "image_url": null, "description": "Addd gift wrapping to personalise your product", "rating": null, "created_on": "2024-01-31T11:47:34.640Z"}}, {"model": "products.product", "pk": 8, "fields": {"category": 13, "sku": "9903", "name": "Gift Tag service", "hide_display": true, "price": "1.00", "cat6_value": 5, "item_lead_time": 0, "promotion": null, "image": "Goldmark-shopfront_xoxOxjd.png", "image_url": null, "description": "Add a gift tag wth a personalised message", "rating": null, "created_on": "2024-01-31T11:47:34.640Z"}}, {"model": "products.product", "pk": 9, "fields": {"category": 6, "sku": "106", "name": "Classic style ladies gold signet ring", "hide_display": false, "price": "275.00", "cat6_value": 2, "item_lead_time": 5, "promotion": null, "image": "106-1.jpg", "image_url": null, "description": "Classic style ladies gold signet ring", "rating": null, "created_on": "2024-01-31T11:47:34.640Z"}}, {"model": "products.product", "pk": 10, "fields": {"category": 11, "sku": "114", "name": "Shamrock pendant on silver chain", "hide_display": false, "price": "38.00", "cat6_value": 2, "item_lead_time": 0, "promotion": null, "image": "114.jpg", "image_url": null, "description": "Shamrock pendant on silver chain", "rating": null, "created_on": "2024-01-31T11:47:34.640Z"}}, {"model": "products.product", "pk": 11, "fields": {"category": 11, "sku": "115", "name": "Sterling silver wolf-head pendant", "hide_display": false, "price": "500.00", "cat6_value": 1, "item_lead_time": 0, "promotion": null, "image": "115.jpg", "image_url": null, "description": "based on TV series the witcher", "rating": null, "created_on": "2024-01-31T11:47:34.640Z"}}, {"model": "products.product", "pk": 12, "fields": {"category": 8, "sku": "116", "name": "Gold Opal earrings", "hide_display": false, "price": "300.00", "cat6_value": 1, "item_lead_time": 0, "promotion": null, "image": "116.jpg", "image_url": null, "description": "Nine-carat gold", "rating": null, "created_on": "2024-01-31T11:47:34.640Z"}}, {"model": "products.product", "pk": 13, "fields": {"category": 11, "sku": "117", "name": "Gold tree of life pendant", "hide_display": false, "price": "285.00", "cat6_value": 1, "item_lead_time": 0, "promotion": null, "image": "117.jpg", "image_url": null, "description": "Nine-carat gold", "rating": null, "created_on": "2024-01-31T11:47:34.640Z"}}, {"model": "products.product", "pk": 14, "fields": {"category": 6, "sku": "118", "name": "Gold wedding rings with Ogham engraving", "hide_display": false, "price": "999.00", "cat6_value": 1, "item_lead_time": 0, "promotion": "DEALS", "image": "118.jpg", "image_url": null, "description": "Ogham engraving 'Anam Cara' :  soul mate", "rating": null, "created_on": "2024-01-31T11:47:34.640Z"}}, {"model": "products.product", "pk": 15, "fields": {"category": 11, "sku": "119", "name": "Gold tiger head pendant", "hide_display": false, "price": "999.00", "cat6_value": 3, "item_lead_time": 0, "promotion": null, "image": "119.jpg", "image_url": null, "description": "Yellow gold, large tiger head to represent Chinese year of the Tiger", "rating": null, "created_on": "2024-01-31T11:47:34.640Z"}}, {"model": "products.product", "pk": 16, "fields": {"category": 7, "sku": "120", "name": "St Brigids day cross", "hide_display": false, "price": "80.00", "cat6_value": 2, "item_lead_time": 0, "promotion": null, "image": "120.jpg", "image_url": null, "description": "St Brigids day cross", "rating": null, "created_on": "2024-01-31T11:47:34.640Z"}}, {"model": "products.product", "pk": 17, "fields": {"category": 11, "sku": "121", "name": "Gold engraved Anam Cara pendant", "hide_display": false, "price": "475.00", "cat6_value": 1, "item_lead_time": 0, "promotion": null, "image": "121.png", "image_url": null, "description": "Nine carat yellow gold Anam Cara (soul mate) Ogham script pendant and chain", "rating": null, "created_on": "2024-01-31T11:47:34.640Z"}}, {"model": "products.product", "pk": 18, "fields": {"category": 11, "sku": "122", "name": "Large Turquoise pendant and snake chain in sterling silver", "hide_display": false, "price": "155.00", "cat6_value": 1, "item_lead_time": 0, "promotion": null, "image": "122.jpg", "image_url": null, "description": "Large Turquoise pendant and snake chain in sterling silver", "rating": null, "created_on": "2024-01-31T11:47:34.640Z"}}, {"model": "products.product", "pk": 19, "fields": {"category": 12, "sku": "134", "name": "Solid gold bangle (commission)", "hide_display": false, "price": "999.00", "cat6_value": 3, "item_lead_time": 0, "promotion": null, "image": "134-2.jpg", "image_url": null, "description": "Large solid gold bangle made from customers re-purposed jewellery", "rating": null, "created_on": "2024-01-31T11:47:34.640Z"}}, {"model": "products.product", "pk": 20, "fields": {"category": 6, "sku": "135", "name": "Gold and Silver Claddagh & Celtic band €375", "hide_display": false, "price": "375.00", "cat6_value": 1, "item_lead_time": 0, "promotion": null, "image": "135-1.jpg", "image_url": null, "description": "Gents Gold and Silver Claddagh & Celtic band", "rating": null, "created_on": "2024-01-31T11:47:34.640Z"}}, {"model": "products.product", "pk": 21, "fields": {"category": 6, "sku": "110", "name": "Garnet and cubic zirconia dress ring", "hide_display": false, "price": "300.00", "cat6_value": 2, "item_lead_time": 0, "promotion": null, "image": "110-1.jpg", "image_url": null, "description": "Garnet and cubic zirconia dress ring in nine carat gold", "rating": null, "created_on": "2024-01-31T11:47:34.640Z"}}, {"model": "products.product", "pk": 22, "fields": {"category": 6, "sku": "112", "name": "Gold ladies ring, set with three round diamonds", "hide_display": false, "price": "999.00", "cat6_value": 3, "item_lead_time": 0, "promotion": null, "image": "112.jpg", "image_url": null, "description": "Made to customer's specification", "rating": null, "created_on": "2024-01-31T11:47:34.640Z"}}, {"model": "products.product", "pk": 23, "fields": {"category": 6, "sku": "113", "name": "Ring with three oval diamonds set in platinum", "hide_display": false, "price": "999.00", "cat6_value": 3, "item_lead_time": 0, "promotion": null, "image": "113.jpg", "image_url": null, "description": "One-off comission, made in-store to customer's specifications", "rating": null, "created_on": "2024-01-31T11:47:34.640Z"}}, {"model": "products.product", "pk": 24, "fields": {"category": 9, "sku": "129", "name": "Silver brooch", "hide_display": false, "price": "999.00", "cat6_value": 3, "item_lead_time": 0, "promotion": null, "image": "129-2.jpg", "image_url": null, "description": "Silver Brooch created for customer who wanted something different - the Australian opal was supplied by the customer.", "rating": null, "created_on": "2024-01-31T11:47:34.640Z"}}, {"model": "products.product", "pk": 25, "fields": {"category": 11, "sku": "141", "name": "Opal Triplet pendant", "hide_display": false, "price": "150.00", "cat6_value": 2, "item_lead_time": 0, "promotion": null, "image": "141-1.jpg", "image_url": null, "description": "Handmade in store a sterling silver Opal Triplet pendant with reticulated finish and chain", "rating": null, "created_on": "2024-01-31T11:47:34.640Z"}}, {"model": "products.product", "pk": 26, "fields": {"category": 9, "sku": "144", "name": "medical symbol stick pin (commission)", "hide_display": false, "price": "999.00", "cat6_value": 3, "item_lead_time": 0, "promotion": null, "image": "144-2.jpg", "image_url": null, "description": "A recent commission a gold Cadecus medical symbol stick pin", "rating": null, "created_on": "2024-01-31T11:47:34.640Z"}}, {"model": "products.product", "pk": 27, "fields": {"category": 14, "sku": "9904", "name": "Repairs and Cleaning Service", "hide_display": true, "price": "999.00", "cat6_value": 5, "item_lead_time": 0, "promotion": null, "image": "Goldmark-shopfront.png", "image_url": "https://www.instagram.com/p/C2P5VReLooT/?hl=en", "description": "Jewellery Repairs done in-store.\r\n\r\nEstimates given on inspection of item\r\n\r\nTurnaround normally 3-7 days, some complex repairs might take longer.\r\n\r\nLeave your mobile number and we will text you when ready for collection.\r\n\r\nCleaning service done in-store: turnaround 1 day", "rating": null, "created_on": "2024-01-31T11:47:34.640Z"}}, {"model": "products.product", "pk": 28, "fields": {"category": 13, "sku": "9905", "name": "Clean&Polish", "hide_display": true, "price": "10.00", "cat6_value": 5, "item_lead_time": 0, "promotion": null, "image": "homepage-background-cropped_MuL9Hsr.jpg", "image_url": null, "description": "Clean&Polish existing rings", "rating": null, "created_on": "2024-02-07T21:02:41.171Z"}}, {"model": "products.product", "pk": 29, "fields": {"category": 6, "sku": "107", "name": "Chunky silver ring", "hide_display": false, "price": "999.00", "cat6_value": 3, "item_lead_time": 0, "promotion": null, "image": "107-1.jpg", "image_url": null, "description": "Chunky silver ring", "rating": null, "created_on": "2024-02-07T21:32:49.084Z"}}, {"model": "products.product", "pk": 30, "fields": {"category": 6, "sku": "108", "name": "Garnet and cubic zirconia Claddagh ring in nine carat yellow gold", "hide_display": false, "price": "280.00", "cat6_value": 2, "item_lead_time": 0, "promotion": null, "image": "108-1.jpg", "image_url": null, "description": "Garnet and cubic zirconia Claddagh ring in nine carat yellow gold", "rating": null, "created_on": "2024-02-07T21:36:05.322Z"}}, {"model": "products.product", "pk": 32, "fields": {"category": 6, "sku": "109", "name": "Handmade sterling silver ring set with Malachite stone", "hide_display": false, "price": "90.00", "cat6_value": 2, "item_lead_time": 0, "promotion": null, "image": "109-1.jpg", "image_url": null, "description": "Handmade sterling silver ring set with Malachite stone", "rating": null, "created_on": "2024-02-07T21:39:45.222Z"}}, {"model": "products.product", "pk": 33, "fields": {"category": 6, "sku": "142", "name": "Silver and gold heart drop earrings", "hide_display": false, "price": "110.00", "cat6_value": 1, "item_lead_time": 0, "promotion": null, "image": "142-2.jpg", "image_url": null, "description": "Handmade in store silver and gold heart drop earrings.", "rating": null, "created_on": "2024-02-07T21:42:47.308Z"}}, {"model": "products.product", "pk": 34, "fields": {"category": 8, "sku": "132", "name": "Silver 'caravan' earrings", "hide_display": false, "price": "30.00", "cat6_value": 1, "item_lead_time": 0, "promotion": null, "image": "132-1.jpg", "image_url": null, "description": "Made to Order.", "rating": null, "created_on": "2024-02-07T21:49:18.782Z"}}, {"model": "products.product", "pk": 37, "fields": {"category": 6, "sku": "123", "name": "Nine carat gold synthetic opal and cubic zirconia dress ring", "hide_display": false, "price": "535.00", "cat6_value": 2, "item_lead_time": 0, "promotion": null, "image": "123-1.jpg", "image_url": null, "description": "Nine carat gold synthetic opal and cubic zirconia dress ring", "rating": "4.00", "created_on": "2024-02-09T12:58:52.933Z"}}, {"model": "products.product", "pk": 39, "fields": {"category": 6, "sku": "146", "name": "Nine carat yellow gold Oglaigh na hEireann Armed forces ring", "hide_display": false, "price": "590.00", "cat6_value": 1, "item_lead_time": 0, "promotion": null, "image": "146-1.jpg", "image_url": null, "description": "'Oglaigh na hEireann' - 'Irish Volunteers'. \r\nA gents signet ring with pierced centrepiece engraved with the words 'Oglaigh na hEireann' in a circle surrounding the letters FF (Fianna Fail: Soldiers of Ireland|, the entire within a sunburst, similar to Irish Volunteers cap badge circa 1915.   The badge was designed in 1913 by Eoin MacNeill, a founding member and chairman of the Irish Volunteers. Variations existed for territorial commands, but the majority of volunteers wore the Óglaigh na hÉireann badge. ... Eventually the Free State Army adopted the badge for their new uniforms before the Irish Civil War. At Goldmark we have been selling this ring in both silver and gold for many years.\r\n\r\nHallmarked at Dublin Castle", "rating": "5.00", "created_on": "2024-02-13T22:10:11.275Z"}}, {"model": "products.product", "pk": 47, "fields": {"category": 6, "sku": "147", "name": "Blig bling ring!", "hide_display": false, "price": "100.00", "cat6_value": 2, "item_lead_time": 0, "promotion": null, "image": "103-1_A02EI96.jpg", "image_url": null, "description": "Bling bling make you sing!", "rating": "5.00", "created_on": "2024-02-15T13:20:31.478Z"}}, {"model": "products.catname", "pk": 6, "fields": {"cat_num": 5, "cat_name": "Lead time (wks)", "nice_name": "Time between ordering and shipping", "default_display": true}}, {"model": "products.catname", "pk": 7, "fields": {"cat_num": 6, "cat_name": "Source", "nice_name": "Stock / MTO (make to order)/ COMM (Commis)", "default_display": false}}, {"model": "products.cat5", "pk": 4, "fields": {"cat5_value": "0"}}, {"model": "products.cat5", "pk": 5, "fields": {"cat5_value": "2"}}, {"model": "products.cat5", "pk": 6, "fields": {"cat5_value": "5"}}, {"model": "products.cat5", "pk": 7, "fields": {"cat5_value": "4"}}, {"model": "products.stocktype", "pk": 1, "fields": {"stock_type": "MTO", "default_lead_time": 0}}, {"model": "products.stocktype", "pk": 2, "fields": {"stock_type": "STOCK", "default_lead_time": 0}}, {"model": "products.stocktype", "pk": 3, "fields": {"stock_type": "COMM", "default_lead_time": 0}}, {"model": "products.stocktype", "pk": 4, "fields": {"stock_type": "SERV", "default_lead_time": 0}}, {"model": "products.stocktype", "pk": 5, "fields": {"stock_type": "ACC", "default_lead_time": 0}}, {"model": "products.cat6", "pk": 1, "fields": {"cat6_value": "MakeToOrder", "stock_type": "MTO", "default_lead_time": 7}}, {"model": "products.cat6", "pk": 2, "fields": {"cat6_value": "Stock", "stock_type": "STOCK", "default_lead_time": 1}}, {"model": "products.cat6", "pk": 3, "fields": {"cat6_value": "Commission", "stock_type": "COMM", "default_lead_time": 21}}, {"model": "products.cat6", "pk": 5, "fields": {"cat6_value": "Service Item", "stock_type": "SERV", "default_lead_time": 2}}, {"model": "products.cat6", "pk": 6, "fields": {"cat6_value": "Accessory", "stock_type": "ACC", "default_lead_time": 0}}, {"model": "products.review", "pk": 1, "fields": {"user_profile": 2, "product": 2, "title": "Gorgeous Ring", "body": "I bought this for my gf she absolutely loves it!", "rating": "5.00", "created_on": "2024-02-13T11:57:54.449Z"}}, {"model": "products.review", "pk": 2, "fields": {"user_profile": 4, "product": 1, "title": "Very chunky ring, looks great", "body": "My 40th birthday gift.  Loved this solid silver chunky look", "rating": "5.00", "created_on": "2024-02-13T16:50:15.415Z"}}, {"model": "products.review", "pk": 3, "fields": {"user_profile": 33, "product": 1, "title": "Good value product", "body": "Solid silver good quality item", "rating": "5.00", "created_on": "2024-02-13T17:00:50.518Z"}}, {"model": "products.review", "pk": 4, "fields": {"user_profile": 2, "product": 1, "title": "Good gift for a friend", "body": "Bought one for myself and for my pal, love it!", "rating": "5.00", "created_on": "2024-02-13T17:01:52.908Z"}}]