[{"model": "products.category", "pk": 6, "fields": {"name": "ring", "friendly_name": "Ring"}}, {"model": "products.category", "pk": 7, "fields": {"name": "pendant", "friendly_name": "Pendant"}}, {"model": "products.category", "pk": 8, "fields": {"name": "earrings", "friendly_name": "Earrings"}}, {"model": "products.category", "pk": 9, "fields": {"name": "brooch", "friendly_name": "brooch"}}, {"model": "products.category", "pk": 10, "fields": {"name": "earrings (set)", "friendly_name": "earrings - part of set"}}, {"model": "products.category", "pk": 11, "fields": {"name": "pendant (set)", "friendly_name": "Pendant - part of set"}}, {"model": "products.category", "pk": 12, "fields": {"name": "bangle", "friendly_name": "Bangle"}}, {"model": "products.category", "pk": 13, "fields": {"name": "zz_del", "friendly_name": "Personalisation"}}, {"model": "products.category", "pk": 14, "fields": {"name": "zz_serv", "friendly_name": "Service"}}, {"model": "products.category", "pk": 15, "fields": {"name": "watch (gents)", "friendly_name": "Watch (gents)"}}, {"model": "products.category", "pk": 16, "fields": {"name": "watch (ladies)", "friendly_name": "Watch (ladies)"}}, {"model": "products.product", "pk": 1, "fields": {"category": 6, "sku": "101", "name": "Heavy Sterling Silver Mans Celtic ring", "description": "Heavy Sterling Silver Mans Celtic ring", "price": "90.00", "rating": "4.00", "image_url": null, "image": "101.jpg", "cat0_value": null, "cat1_value": 2, "cat2_value": null, "cat3_value": null, "cat4_value": null, "cat5_value": null, "cat6_value": 1, "created_on": "2024-01-31T11:47:34.640Z", "dummy_field": null}}, {"model": "products.product", "pk": 2, "fields": {"category": 6, "sku": "102", "name": "Double hearts and cubic zirconia dress ring in nine carat gold", "description": "Double hearts and cubic zirconia dress ring in nine carat gold", "price": "170.00", "rating": null, "image_url": null, "image": "102-1.jpg", "cat0_value": null, "cat1_value": 1, "cat2_value": 1, "cat3_value": null, "cat4_value": null, "cat5_value": null, "cat6_value": null, "created_on": "2024-01-31T11:47:34.640Z", "dummy_field": null}}, {"model": "products.product", "pk": 3, "fields": {"category": 6, "sku": "103", "name": "Vintage style Peridot and diamond dress ring in white gold", "description": "Vintage style Peridot and diamond dress ring in white gold", "price": "800.00", "rating": "5.00", "image_url": "https://www.istockphoto.com/photo/wedding-ring-with-love-gm1153562794-313342130", "image": "103-1_Ii3SE2n.jpg", "cat0_value": null, "cat1_value": 5, "cat2_value": 3, "cat3_value": 8, "cat4_value": null, "cat5_value": null, "cat6_value": null, "created_on": "2024-01-31T11:47:34.640Z", "dummy_field": null}}, {"model": "products.product", "pk": 4, "fields": {"category": 6, "sku": "104", "name": "A lovely colour stone, Tanzanite and diamond set in white gold", "description": "A lovely colour stone, Tanzanite and diamond set in white gold", "price": "673.00", "rating": null, "image_url": null, "image": "104-1.jpg", "cat0_value": null, "cat1_value": 5, "cat2_value": 4, "cat3_value": 8, "cat4_value": null, "cat5_value": null, "cat6_value": 2, "created_on": "2024-01-31T11:47:34.640Z", "dummy_field": null}}, {"model": "products.product", "pk": 5, "fields": {"category": 13, "sku": "9901", "name": "Engraving service", "description": "Personalisation:  Engrave an item with a name", "price": "15.00", "rating": null, "image_url": null, "image": "Goldmark-shopfront_QIhk5wx.png", "cat0_value": null, "cat1_value": null, "cat2_value": null, "cat3_value": null, "cat4_value": null, "cat5_value": null, "cat6_value": 5, "created_on": "2024-01-31T11:47:34.640Z", "dummy_field": null}}, {"model": "products.product", "pk": 6, "fields": {"category": 6, "sku": "105", "name": "Simple traditional Ladies Claddagh ring in nine carat gold", "description": "Simple traditional Ladies Claddagh ring in nine carat gold", "price": "165.00", "rating": null, "image_url": null, "image": "105-1.jpg", "cat0_value": null, "cat1_value": 1, "cat2_value": null, "cat3_value": null, "cat4_value": null, "cat5_value": null, "cat6_value": 2, "created_on": "2024-01-31T11:47:34.640Z", "dummy_field": null}}, {"model": "products.product", "pk": 7, "fields": {"category": 13, "sku": "9902", "name": "Gift wrapping service", "description": "Addd gift wrapping to personalise your product", "price": "1.00", "rating": null, "image_url": null, "image": "giftwrap_resized.jpg", "cat0_value": null, "cat1_value": null, "cat2_value": null, "cat3_value": null, "cat4_value": null, "cat5_value": null, "cat6_value": 5, "created_on": "2024-01-31T11:47:34.640Z", "dummy_field": null}}, {"model": "products.product", "pk": 8, "fields": {"category": 13, "sku": "9903", "name": "Gift Tag service", "description": "Add a gift tag wth a personalised message", "price": "1.00", "rating": null, "image_url": null, "image": "Goldmark-shopfront_xoxOxjd.png", "cat0_value": null, "cat1_value": null, "cat2_value": null, "cat3_value": null, "cat4_value": null, "cat5_value": null, "cat6_value": 5, "created_on": "2024-01-31T11:47:34.640Z", "dummy_field": null}}, {"model": "products.product", "pk": 9, "fields": {"category": 6, "sku": "106", "name": "Classic style ladies gold signet ring", "description": "Classic style ladies gold signet ring", "price": "275.00", "rating": null, "image_url": null, "image": "106-1.jpg", "cat0_value": null, "cat1_value": 1, "cat2_value": null, "cat3_value": null, "cat4_value": null, "cat5_value": null, "cat6_value": null, "created_on": "2024-01-31T11:47:34.640Z", "dummy_field": null}}, {"model": "products.product", "pk": 10, "fields": {"category": 11, "sku": "114", "name": "Shamrock pendant on silver chain", "description": "Shamrock pendant on silver chain", "price": "38.00", "rating": null, "image_url": null, "image": "114.jpg", "cat0_value": null, "cat1_value": 2, "cat2_value": null, "cat3_value": null, "cat4_value": null, "cat5_value": null, "cat6_value": 2, "created_on": "2024-01-31T11:47:34.640Z", "dummy_field": null}}, {"model": "products.product", "pk": 11, "fields": {"category": 11, "sku": "115", "name": "Sterling silver wolf-head pendant", "description": "based on TV series the witcher", "price": "500.00", "rating": null, "image_url": null, "image": "115.jpg", "cat0_value": null, "cat1_value": 2, "cat2_value": null, "cat3_value": null, "cat4_value": null, "cat5_value": null, "cat6_value": 1, "created_on": "2024-01-31T11:47:34.640Z", "dummy_field": null}}, {"model": "products.product", "pk": 12, "fields": {"category": 8, "sku": "116", "name": "Gold Opal earrings", "description": "Nine-carat gold", "price": "300.00", "rating": null, "image_url": null, "image": "116.jpg", "cat0_value": null, "cat1_value": 1, "cat2_value": 9, "cat3_value": null, "cat4_value": null, "cat5_value": null, "cat6_value": 1, "created_on": "2024-01-31T11:47:34.640Z", "dummy_field": null}}, {"model": "products.product", "pk": 13, "fields": {"category": 11, "sku": "117", "name": "Gold tree of life pendant", "description": "Nine-carat gold", "price": "285.00", "rating": null, "image_url": null, "image": "117.jpg", "cat0_value": null, "cat1_value": 1, "cat2_value": null, "cat3_value": null, "cat4_value": 14, "cat5_value": 5, "cat6_value": 1, "created_on": "2024-01-31T11:47:34.640Z", "dummy_field": null}}, {"model": "products.product", "pk": 14, "fields": {"category": 6, "sku": "118", "name": "Gold wedding rings with Ogham engraving", "description": "Ogham engraving 'Anam Cara' :  soul mate", "price": "999.00", "rating": null, "image_url": null, "image": "118.jpg", "cat0_value": null, "cat1_value": 1, "cat2_value": null, "cat3_value": null, "cat4_value": null, "cat5_value": null, "cat6_value": 1, "created_on": "2024-01-31T11:47:34.640Z", "dummy_field": null}}, {"model": "products.product", "pk": 15, "fields": {"category": 11, "sku": "119", "name": "Gold tiger head pendant", "description": "Yellow gold, large tiger head to represent Chinese year of the Tiger", "price": "999.00", "rating": null, "image_url": null, "image": "119.jpg", "cat0_value": null, "cat1_value": 6, "cat2_value": null, "cat3_value": null, "cat4_value": 14, "cat5_value": null, "cat6_value": 3, "created_on": "2024-01-31T11:47:34.640Z", "dummy_field": null}}, {"model": "products.product", "pk": 16, "fields": {"category": 7, "sku": "120", "name": "St Brigids day cross", "description": "St Brigids day cross", "price": "80.00", "rating": null, "image_url": null, "image": "120.jpg", "cat0_value": null, "cat1_value": 2, "cat2_value": null, "cat3_value": null, "cat4_value": null, "cat5_value": null, "cat6_value": 2, "created_on": "2024-01-31T11:47:34.640Z", "dummy_field": null}}, {"model": "products.product", "pk": 17, "fields": {"category": 11, "sku": "121", "name": "Gold engraved Anam Cara pendant", "description": "Nine carat yellow gold Anam Cara (soul mate) Ogham script pendant and chain", "price": "475.00", "rating": null, "image_url": null, "image": "121.png", "cat0_value": null, "cat1_value": 1, "cat2_value": null, "cat3_value": null, "cat4_value": 14, "cat5_value": null, "cat6_value": 1, "created_on": "2024-01-31T11:47:34.640Z", "dummy_field": null}}, {"model": "products.product", "pk": 18, "fields": {"category": 11, "sku": "122", "name": "Large Turquoise pendant and snake chain in sterling silver", "description": "Large Turquoise pendant and snake chain in sterling silver", "price": "155.00", "rating": null, "image_url": null, "image": "122.jpg", "cat0_value": null, "cat1_value": 2, "cat2_value": null, "cat3_value": null, "cat4_value": 8, "cat5_value": null, "cat6_value": 1, "created_on": "2024-01-31T11:47:34.640Z", "dummy_field": null}}, {"model": "products.product", "pk": 19, "fields": {"category": 12, "sku": "134", "name": "Solid gold bangle (commission)", "description": "Large solid gold bangle made from customers re-purposed jewellery", "price": "999.00", "rating": null, "image_url": null, "image": "134-2.jpg", "cat0_value": null, "cat1_value": 1, "cat2_value": null, "cat3_value": null, "cat4_value": 14, "cat5_value": null, "cat6_value": 3, "created_on": "2024-01-31T11:47:34.640Z", "dummy_field": null}}, {"model": "products.product", "pk": 20, "fields": {"category": 6, "sku": "135", "name": "Gold and Silver Claddagh & Celtic band €375", "description": "Gents Gold and Silver Claddagh & Celtic band", "price": "375.00", "rating": null, "image_url": null, "image": "135-1.jpg", "cat0_value": null, "cat1_value": 1, "cat2_value": null, "cat3_value": null, "cat4_value": 4, "cat5_value": null, "cat6_value": 1, "created_on": "2024-01-31T11:47:34.640Z", "dummy_field": null}}, {"model": "products.product", "pk": 21, "fields": {"category": 6, "sku": "110", "name": "Garnet and cubic zirconia dress ring", "description": "Garnet and cubic zirconia dress ring in nine carat gold", "price": "300.00", "rating": null, "image_url": null, "image": "110-1.jpg", "cat0_value": null, "cat1_value": 1, "cat2_value": 2, "cat3_value": 9, "cat4_value": 5, "cat5_value": null, "cat6_value": 2, "created_on": "2024-01-31T11:47:34.640Z", "dummy_field": null}}, {"model": "products.product", "pk": 22, "fields": {"category": 6, "sku": "112", "name": "Gold ladies ring, set with three round diamonds", "description": "Made to customer's specification", "price": "999.00", "rating": null, "image_url": null, "image": "112.jpg", "cat0_value": null, "cat1_value": 1, "cat2_value": 6, "cat3_value": null, "cat4_value": null, "cat5_value": null, "cat6_value": 3, "created_on": "2024-01-31T11:47:34.640Z", "dummy_field": null}}, {"model": "products.product", "pk": 23, "fields": {"category": 6, "sku": "113", "name": "Ring with three oval diamonds set in platinum", "description": "One-off comission, made in-store to customer's specifications", "price": "999.00", "rating": null, "image_url": null, "image": "113.jpg", "cat0_value": null, "cat1_value": 2, "cat2_value": 6, "cat3_value": null, "cat4_value": null, "cat5_value": null, "cat6_value": 3, "created_on": "2024-01-31T11:47:34.640Z", "dummy_field": null}}, {"model": "products.product", "pk": 24, "fields": {"category": 9, "sku": "129", "name": "Silver brooch", "description": "Silver Brooch created for customer who wanted something different - the Australian opal was supplied by the customer.", "price": "999.00", "rating": null, "image_url": null, "image": "129-2.jpg", "cat0_value": null, "cat1_value": 2, "cat2_value": 9, "cat3_value": null, "cat4_value": 4, "cat5_value": null, "cat6_value": 3, "created_on": "2024-01-31T11:47:34.640Z", "dummy_field": null}}, {"model": "products.product", "pk": 25, "fields": {"category": 11, "sku": "141", "name": "Opal Triplet pendant", "description": "Handmade in store a sterling silver Opal Triplet pendant with reticulated finish and chain", "price": "150.00", "rating": null, "image_url": null, "image": "141-1.jpg", "cat0_value": null, "cat1_value": 2, "cat2_value": 9, "cat3_value": null, "cat4_value": null, "cat5_value": null, "cat6_value": 2, "created_on": "2024-01-31T11:47:34.640Z", "dummy_field": null}}, {"model": "products.product", "pk": 26, "fields": {"category": 9, "sku": "144", "name": "medical symbol stick pin (commission)", "description": "A recent commission a gold Cadecus medical symbol stick pin", "price": "999.00", "rating": null, "image_url": null, "image": "144-2.jpg", "cat0_value": null, "cat1_value": 1, "cat2_value": null, "cat3_value": null, "cat4_value": null, "cat5_value": null, "cat6_value": 3, "created_on": "2024-01-31T11:47:34.640Z", "dummy_field": null}}, {"model": "products.product", "pk": 27, "fields": {"category": 14, "sku": "9904", "name": "Repairs and Cleaning Service", "description": "Jewellery Repairs done in-store.\r\n\r\nEstimates given on inspection of item\r\n\r\nTurnaround normally 3-7 days, some complex repairs might take longer.\r\n\r\nLeave your mobile number and we will text you when ready for collection.\r\n\r\nCleaning service done in-store: turnaround 1 day", "price": "999.00", "rating": null, "image_url": "https://www.instagram.com/p/C2P5VReLooT/?hl=en", "image": "Goldmark-shopfront.png", "cat0_value": null, "cat1_value": null, "cat2_value": null, "cat3_value": null, "cat4_value": null, "cat5_value": 4, "cat6_value": 5, "created_on": "2024-01-31T11:47:34.640Z", "dummy_field": null}}, {"model": "products.product", "pk": 28, "fields": {"category": 13, "sku": "9905", "name": "Clean&Polish", "description": "Clean&Polish existing rings", "price": "10.00", "rating": null, "image_url": null, "image": "homepage-background-cropped_MuL9Hsr.jpg", "cat0_value": 6, "cat1_value": null, "cat2_value": null, "cat3_value": null, "cat4_value": null, "cat5_value": 4, "cat6_value": 5, "created_on": "2024-02-07T21:02:41.171Z", "dummy_field": null}}, {"model": "products.product", "pk": 29, "fields": {"category": 6, "sku": "107", "name": "Chunky silver ring", "description": "Chunky silver ring", "price": "999.00", "rating": null, "image_url": null, "image": "107-1.jpg", "cat0_value": null, "cat1_value": 2, "cat2_value": null, "cat3_value": null, "cat4_value": 4, "cat5_value": 5, "cat6_value": 3, "created_on": "2024-02-07T21:32:49.084Z", "dummy_field": null}}, {"model": "products.product", "pk": 30, "fields": {"category": 6, "sku": "108", "name": "Garnet and cubic zirconia Claddagh ring in nine carat yellow gold", "description": "Garnet and cubic zirconia Claddagh ring in nine carat yellow gold", "price": "280.00", "rating": null, "image_url": null, "image": "108-1.jpg", "cat0_value": null, "cat1_value": 1, "cat2_value": 12, "cat3_value": 9, "cat4_value": 5, "cat5_value": 4, "cat6_value": 2, "created_on": "2024-02-07T21:36:05.322Z", "dummy_field": null}}, {"model": "products.product", "pk": 32, "fields": {"category": 6, "sku": "109", "name": "Handmade sterling silver ring set with Malachite stone", "description": "Handmade sterling silver ring set with Malachite stone", "price": "90.00", "rating": null, "image_url": null, "image": "109-1.jpg", "cat0_value": null, "cat1_value": 2, "cat2_value": 5, "cat3_value": null, "cat4_value": null, "cat5_value": 4, "cat6_value": 2, "created_on": "2024-02-07T21:39:45.222Z", "dummy_field": null}}, {"model": "products.product", "pk": 33, "fields": {"category": 6, "sku": "142", "name": "Silver and gold heart drop earrings", "description": "Handmade in store silver and gold heart drop earrings.", "price": "110.00", "rating": null, "image_url": null, "image": "142-2.jpg", "cat0_value": null, "cat1_value": null, "cat2_value": null, "cat3_value": null, "cat4_value": null, "cat5_value": 5, "cat6_value": 1, "created_on": "2024-02-07T21:42:47.308Z", "dummy_field": null}}, {"model": "products.product", "pk": 34, "fields": {"category": 8, "sku": "132", "name": "Silver 'caravan' earrings", "description": "Made to Order.", "price": "30.00", "rating": null, "image_url": null, "image": "132-1.jpg", "cat0_value": null, "cat1_value": null, "cat2_value": null, "cat3_value": null, "cat4_value": null, "cat5_value": 5, "cat6_value": 1, "created_on": "2024-02-07T21:49:18.782Z", "dummy_field": null}}, {"model": "products.catname", "pk": 1, "fields": {"cat_num": 0, "cat_name": "Type", "nice_name": "Item Type", "default_display": true}}, {"model": "products.catname", "pk": 2, "fields": {"cat_num": 1, "cat_name": "Metal", "nice_name": "Precious Metal", "default_display": true}}, {"model": "products.catname", "pk": 3, "fields": {"cat_num": 2, "cat_name": "Stone", "nice_name": "Stone (Primary)", "default_display": true}}, {"model": "products.catname", "pk": 4, "fields": {"cat_num": 3, "cat_name": "Stone", "nice_name": "Stone (secondary)", "default_display": true}}, {"model": "products.catname", "pk": 5, "fields": {"cat_num": 4, "cat_name": "Colour", "nice_name": "Item Colour (dominant)", "default_display": true}}, {"model": "products.catname", "pk": 6, "fields": {"cat_num": 5, "cat_name": "Lead time (wks)", "nice_name": "Time between ordering and shipping", "default_display": true}}, {"model": "products.catname", "pk": 7, "fields": {"cat_num": 6, "cat_name": "Supplier", "nice_name": "Stock / MTO (make to order)/ COMM (Commis)", "default_display": false}}, {"model": "products.cat0", "pk": 6, "fields": {"cat0_value": "SERV"}}, {"model": "products.cat0", "pk": 7, "fields": {"cat0_value": "DEL"}}, {"model": "products.cat0", "pk": 8, "fields": {"cat0_value": "watch"}}, {"model": "products.cat0", "pk": 9, "fields": {"cat0_value": "anklet"}}, {"model": "products.cat0", "pk": 10, "fields": {"cat0_value": "bangle"}}, {"model": "products.cat0", "pk": 11, "fields": {"cat0_value": "brooch"}}, {"model": "products.cat0", "pk": 12, "fields": {"cat0_value": "earrings"}}, {"model": "products.cat0", "pk": 13, "fields": {"cat0_value": "pendant"}}, {"model": "products.cat1", "pk": 1, "fields": {"cat1_value": "Gold"}}, {"model": "products.cat1", "pk": 2, "fields": {"cat1_value": "Silver"}}, {"model": "products.cat1", "pk": 3, "fields": {"cat1_value": "gold (rose gold)"}}, {"model": "products.cat1", "pk": 4, "fields": {"cat1_value": "platinum"}}, {"model": "products.cat1", "pk": 5, "fields": {"cat1_value": "gold (white gold)"}}, {"model": "products.cat1", "pk": 6, "fields": {"cat1_value": "gold (yellow gold)"}}, {"model": "products.cat2", "pk": 1, "fields": {"cat2_value": "cubic zircona"}}, {"model": "products.cat2", "pk": 2, "fields": {"cat2_value": "garnet"}}, {"model": "products.cat2", "pk": 3, "fields": {"cat2_value": "peridot"}}, {"model": "products.cat2", "pk": 4, "fields": {"cat2_value": "tanzanite"}}, {"model": "products.cat2", "pk": 5, "fields": {"cat2_value": "malachite"}}, {"model": "products.cat2", "pk": 6, "fields": {"cat2_value": "diamond"}}, {"model": "products.cat2", "pk": 7, "fields": {"cat2_value": "sapphire"}}, {"model": "products.cat2", "pk": 8, "fields": {"cat2_value": "sapphire (synthetic)"}}, {"model": "products.cat2", "pk": 9, "fields": {"cat2_value": "opal"}}, {"model": "products.cat2", "pk": 10, "fields": {"cat2_value": "ruby"}}, {"model": "products.cat2", "pk": 11, "fields": {"cat2_value": "diamond (lab grown)"}}, {"model": "products.cat2", "pk": 12, "fields": {"cat2_value": "garnet"}}, {"model": "products.cat2", "pk": 13, "fields": {"cat2_value": "diamond"}}, {"model": "products.cat2", "pk": 14, "fields": {"cat2_value": "turquoise"}}, {"model": "products.cat3", "pk": 8, "fields": {"cat3_value": "diamond"}}, {"model": "products.cat3", "pk": 9, "fields": {"cat3_value": "cubic zircona"}}, {"model": "products.cat4", "pk": 4, "fields": {"cat4_value": "silver"}}, {"model": "products.cat4", "pk": 5, "fields": {"cat4_value": "red"}}, {"model": "products.cat4", "pk": 6, "fields": {"cat4_value": "green"}}, {"model": "products.cat4", "pk": 7, "fields": {"cat4_value": "opal"}}, {"model": "products.cat4", "pk": 8, "fields": {"cat4_value": "blue"}}, {"model": "products.cat4", "pk": 9, "fields": {"cat4_value": "diamond"}}, {"model": "products.cat4", "pk": 10, "fields": {"cat4_value": "green, blue"}}, {"model": "products.cat4", "pk": 11, "fields": {"cat4_value": "blue, gold"}}, {"model": "products.cat4", "pk": 12, "fields": {"cat4_value": "green, blue"}}, {"model": "products.cat4", "pk": 13, "fields": {"cat4_value": "purple"}}, {"model": "products.cat4", "pk": 14, "fields": {"cat4_value": "gold"}}, {"model": "products.cat5", "pk": 4, "fields": {"cat5_value": "0"}}, {"model": "products.cat5", "pk": 5, "fields": {"cat5_value": "2"}}, {"model": "products.cat5", "pk": 6, "fields": {"cat5_value": "5"}}, {"model": "products.cat5", "pk": 7, "fields": {"cat5_value": "4"}}, {"model": "products.cat6", "pk": 1, "fields": {"cat6_value": "MTO"}}, {"model": "products.cat6", "pk": 2, "fields": {"cat6_value": "STOCK"}}, {"model": "products.cat6", "pk": 3, "fields": {"cat6_value": "COMM"}}, {"model": "products.cat6", "pk": 5, "fields": {"cat6_value": "SERV"}}]